AbrahamVerghese_2011G-3 AbrahamVerghese_2011G-0072815-0073998
AdamGarone_2011X-3 AdamGarone_2011X-0086911-0088320
AdamSpencer_2013-2 AdamSpencer_2013-0043414-0044430
AlGore_2006-3 AlGore_2006-0077720-0078570
AlSeckel_2004-3 AlSeckel_2004-0071152-0071256
AlaindeBotton_2011G-3 AlaindeBotton_2011G-0048538-0050079
AlastairParvin_2013-2 AlastairParvin_2013-0034763-0035449
AlexSteffen_2005G-2 AlexSteffen_2005G-0040309-0041412
AlexaMeade_2013G-2 AlexaMeade_2013G-0038368-0039836
AliceDreger_2011X-5 AliceDreger_2011X-0101401-0102617
AllanSavory_2013-2 AllanSavory_2013-0034379-0035478
AmandaPalmer_2013-2 AmandaPalmer_2013-0049288-0050230
AmoryLovins_2005-2 AmoryLovins_2005-0031161-0033064
AmySmith_2006-3 AmySmith_2006-0049344-0049833
AmyWebb_2013S-3 AmyWebb_2013S-0093235-0093394
AndrasForgacs_2013G-2 AndrasForgacs_2013G-0024043-0024818
AndresLozano_2013X-2 AndresLozano_2013X-0028208-0028395
AndrewMcAfee_2013-2 AndrewMcAfee_2013-0025783-0027597
AndyPuddicombe_2012S-2 AndyPuddicombe_2012S-0041231-0042063
AnnCooper_2007P-3 AnnCooper_2007P-0097622-0099188
AnthonyAtala_2009P-4 AnthonyAtala_2009P-0065615-0066682
AntonioDamasio_2011-5 AntonioDamasio_2011-0107949-0108458
AriannaHuffington_2010W-1 AriannaHuffington_2010W-0001694-0001946
ArthurBenjamin_2005-2 ArthurBenjamin_2005-0076111-0076354
ArvindGupta_2010P-1 ArvindGupta_2010P-0015549-0017431
AtulGawande_2012-3 AtulGawande_2012-0068427-0068758
AuretvanHeerden_2010G-2 AuretvanHeerden_2010G-0040092-0041197
BarrySchuler_2008P-3 BarrySchuler_2008P-0060554-0061497
BarrySchwartz_2010S-1 BarrySchwartz_2010S-0024776-0025648
BartWeetjens_2010X-1 BartWeetjens_2010X-0016252-0017215
BeatriceCoron_2011-3 BeatriceCoron_2011-0091036-0091889
BeckyBlanton_2009G-1 BeckyBlanton_2009G-0014506-0014663
BenDunlap_2007-2 BenDunlap_2007-0035230-0035536
BenGoldacre_2012P-4 BenGoldacre_2012P-0068356-0068791
BenjaminZander_2008-2 BenjaminZander_2008-0038758-0039504
BernieKrause_2013G-3 BernieKrause_2013G-0066666-0068288
BeverlyJoubertandDereckJoubert_2010W-1 BeverlyJoubertandDereckJoubert_2010W-0003329-0003376
BillDavenhall_2009P-2 BillDavenhall_2009P-0031526-0031969
BillFord_2011-5 BillFord_2011-0085593-0086952
BillGates_2013S-1 BillGates_2013S-0010169-0010405
BillJoy_2006-3 BillJoy_2006-0071100-0071835
BillStrickland_2002-5 BillStrickland_2002-0207432-0207875
BillyGraham_1998-3 BillyGraham_1998-0068756-0068880
BjarkeIngels_2009G-1 BjarkeIngels_2009G-0014304-0015212
BlaiseAguerayArcas_2010-1 BlaiseAguerayArcas_2010-0026702-0027519
BobbyGhosh_2012X-1 BobbyGhosh_2012X-0004855-0005923
BonnieBassler_2009-5 BonnieBassler_2009-0101453-0102839
Bono_2013-2 Bono_2013-0024469-0025822
BreneBrown_2012-2 BreneBrown_2012-0076859-0077279
BrianCox_2008-2 BrianCox_2008-0030117-0031023
BrianGreene_2005-3 BrianGreene_2005-0053058-0053963
BrianSkerry_2010Z-1 BrianSkerry_2010Z-0018780-0019757
BruceAylward_2011-7 BruceAylward_2011-0123639-0124716
BruceFeiler_2010P-4 BruceFeiler_2010P-0091024-0092085
BruceSchneier_2010X-2 BruceSchneier_2010X-0029477-0030070
BurtRutan_2006-1 BurtRutan_2006-0022368-0023267
CKWilliams_2001-5 CKWilliams_2001-0093343-0093735
CameronHerold_2009X-2 CameronHerold_2009X-0057716-0058311
CarlSafina_2010X-1 CarlSafina_2010X-0014541-0015294
CarmenAgraDeedy_2005-1 CarmenAgraDeedy_2005-0028919-0029833
CarolineCasey_2010W-1 CarolineCasey_2010W-0003568-0003879
CaryFowler_2009G-3 CaryFowler_2009G-0061732-0062710
CatherineMohr_2010U-2 CatherineMohr_2010U-0024448-0025319
CharityTillemannDick_2010P-2 CharityTillemannDick_2010P-0039450-0040176
CharlesElachi_2008P-4 CharlesElachi_2008P-0106292-0107506
CharlesLeadbeater_2005G-1 CharlesLeadbeater_2005G-0007975-0008727
CharlesLimb_2010X-1 CharlesLimb_2010X-0001625-0002388
CherylHayashi_2010-1 CherylHayashi_2010-0002639-0003422
ChrisAbani_2007G-3 ChrisAbani_2007G-0052542-0053813
ChrisAnderson_2002-1 ChrisAnderson_2002-0009325-0010148
ChrisAnderson_2010G-4 ChrisAnderson_2010G-0070468-0071609
ChrisBliss_2011X-3 ChrisBliss_2011X-0051874-0052971
ChristienMeindertsma_2010G-2 ChristienMeindertsma_2010G-0036203-0037083
ChristopherMcDougall_2010X-2 ChristopherMcDougall_2010X-0047723-0048577
ClaronMcFadden_2010X-1 ClaronMcFadden_2010X-0034546-0035691
ClayShirky_2012S-2 ClayShirky_2012S-0067517-0067752
ColinCamerer_2013X-4 ColinCamerer_2013X-0065868-0067630
ConradWolfram_2010G-1 ConradWolfram_2010G-0005647-0006718
CornielleEwango_2007G-2 CornielleEwango_2007G-0049663-0051621
CraigVenter_2010P-3 CraigVenter_2010P-0059574-0060310
CynthiaSchneider_2009G-1 CynthiaSchneider_2009G-0022756-0023627
DanAriely_2008P-2 DanAriely_2008P-0030430-0031731
DanBarber_2008P-3 DanBarber_2008P-0091658-0091826
DanCohen_2013X-1 DanCohen_2013X-0032911-0033813
DanDennett_2003-5 DanDennett_2003-0119192-0119794
DanDennett_2009U-2 DanDennett_2009U-0036788-0037758
DanGilbert_2005G-4 DanGilbert_2005G-0100087-0101232
DanPallotta_2013-4 DanPallotta_2013-0069100-0070165
DanielGoldstein_2011S-3 DanielGoldstein_2011S-0068610-0069608
DanielPink_2009G-3 DanielPink_2009G-0069278-0070104
DanielWolpert_2011G-1 DanielWolpert_2011G-0021215-0022505
DannyHillis_2013-2 DannyHillis_2013-0059316-0060497
DaveEggers_2008-2 DaveEggers_2008-0040741-0041111
DavedeBronkart_2010X-4 DavedeBronkart_2010X-0077599-0077883
DavidAnderson_2013X-3 DavidAnderson_2013X-0054412-0055057
DavidBlaine_2009P-3 DavidBlaine_2009P-0064432-0064817
DavidCarson_2003-2 DavidCarson_2003-0047811-0048440
DavidDeutsch_2005G-2 DavidDeutsch_2005G-0038964-0039634
DavidDow_2012X-2 DavidDow_2012X-0049561-0050053
DavidGriffin_2008-3 DavidGriffin_2008-0065474-0066566
DavidHolt_2004-3 DavidHolt_2004-0135880-0136351
DavidKelley_2012-2 DavidKelley_2012-0028064-0028577
DavidMacaulay_2002-4 DavidMacaulay_2002-0087760-0089201
DavidPogue_2006-2 DavidPogue_2006-0046786-0046888
DavidPogue_2008P-4 DavidPogue_2008P-0108774-0109673
DavidRockwell_2002-5 DavidRockwell_2002-0111777-0112127
DeanKamen_2002-5 DeanKamen_2002-0115014-0115747
DeanKamen_2009P-3 DeanKamen_2009P-0111733-0111921
DeborahGordon_2003-1 DeborahGordon_2003-0018044-0019012
DeborahRhodes_2010W-5 DeborahRhodes_2010W-0092873-0094071
DennisHong_2009X-1 DennisHong_2009X-0023272-0023584
DerekSivers_2010G-1 DerekSivers_2010G-0004529-0005883
DianaNyad_2011P-2 DianaNyad_2011P-0044110-0045035
DonNorman_2003-2 DonNorman_2003-0045722-0047039
DorisKearnsGoodwin_2008-1 DorisKearnsGoodwin_2008-0014469-0014901
DrewCurtis_2012-1 DrewCurtis_2012-0009404-0010518
EbenBayer_2010G-2 EbenBayer_2010G-0052225-0053026
EdUlbrich_2009-4 EdUlbrich_2009-0083223-0084276
EdithWidder_2010Z-3 EdithWidder_2010Z-0065859-0066017
EdwardBurtynsky_2005-3 EdwardBurtynsky_2005-0068560-0069444
EdwardTenner_2011-3 EdwardTenner_2011-0056200-0057288
EleanorLongden_2013-3 EleanorLongden_2013-0070768-0071299
EliPariser_2011-2 EliPariser_2011-0025611-0026327
ElizabethLoftus_2013G-5 ElizabethLoftus_2013G-0090225-0091187
EllenDunhamJones_2010X-1 EllenDunhamJones_2010X-0023291-0024199
EllenTHoen_2012X-2 EllenTHoen_2012X-0033404-0035006
EmilyLevine_2002-1 EmilyLevine_2002-0030088-0030792
EmilyPilloton_2010G-2 EmilyPilloton_2010G-0033936-0035119
EnricSala_2010Z-1 EnricSala_2010Z-0024380-0024939
EricDishman_2009P-1 EricDishman_2009P-0018371-0019307
EricWhitacre_2013-1 EricWhitacre_2013-0013878-0015818
ErikBrynjolfsson_2013-2 ErikBrynjolfsson_2013-0045656-0046102
ErnestMadu_2007G-1 ErnestMadu_2007G-0016368-0017156
EstherDuflo_2010-3 EstherDuflo_2010-0078517-0079144
EuvinNaidoo_2007G-1 EuvinNaidoo_2007G-0006467-0006505
EvaZeisel_2001-1 EvaZeisel_2001-0027795-0028117
EveEnsler_2004-4 EveEnsler_2004-0072980-0073064
EvelynGlennie_2003-5 EvelynGlennie_2003-0126877-0127064
FahadAlAttiya_2012S-1 FahadAlAttiya_2012S-0013513-0014301
FelixDennis_2004-1 FelixDennis_2004-0006081-0006153
FieldsWickerMiurin_2009S-4 FieldsWickerMiurin_2009S-0089367-0090107
FrancoSacchi_2007G-4 FrancoSacchi_2007G-0103529-0104489
FrankGehry_1990-6 FrankGehry_1990-0201502-0202007
FrankWarren_2012-1 FrankWarren_2012-0011122-0012309
GabrielBarciaColombo_2012-1 GabrielBarciaColombo_2012-0004411-0004780
GarrettLisi_2008-3 GarrettLisi_2008-0100399-0100589
GaryKovacs_2012U-2 GaryKovacs_2012U-0033065-0033765
GeoffMulgan_2009G-2 GeoffMulgan_2009G-0045985-0046582
GeoffreyWest_2011G-3 GeoffreyWest_2011G-0062915-0063180
GeorgeDyson_2003-3 GeorgeDyson_2003-0080461-0081172
GeorgeSmoot_2008P-1 GeorgeSmoot_2008P-0017360-0018627
GeroMiesenboeck_2010G-3 GeroMiesenboeck_2010G-0055707-0056501
GoogleScienceFairWinners_2011X-1 GoogleScienceFairWinners_2011X-0031292-0032747
GrahamHawkes_2005-1 GrahamHawkes_2005-0021165-0022481
GregStone_2010Z-4 GregStone_2010Z-0092135-0092326
HadynParry_2012S-4 HadynParry_2012S-0070247-0072247
HannaRosin_2010W-2 HannaRosin_2010W-0046457-0047206
HansRosling_2007-1 HansRosling_2007-0016576-0017431
HansRosling_2010W-1 HansRosling_2010W-0001619-0002280
HaraldHaas_2011G-2 HaraldHaas_2011G-0037743-0038485
HasanElahi_2011G-2 HasanElahi_2011G-0043395-0045270
HectorRuiz_2007G-4 HectorRuiz_2007G-0075597-0076756
HelenFisher_2008-2 HelenFisher_2008-0033138-0034129
HeribertWatzke_2010G-1 HeribertWatzke_2010G-0017596-0018457
HodLipson_2007-1 HodLipson_2007-0016397-0016500
ImamFeisalAbdulRauf_2009P-1 ImamFeisalAbdulRauf_2009P-0023725-0024327
IqbalQuadir_2005G-3 IqbalQuadir_2005G-0057052-0058005
IsaacMizrahi_2008-3 IsaacMizrahi_2008-0046529-0047316
JJAbrams_2007-2 JJAbrams_2007-0079580-0080635
JacekUtko_2009-1 JacekUtko_2009-0013141-0013810
JackHorner_2010X-3 JackHorner_2010X-0091857-0092639
JacquelineNovogratz_2007G-2 JacquelineNovogratz_2007G-0040315-0041161
JacquelineNovogratz_2010W-2 JacquelineNovogratz_2010W-0040802-0041217
JaimeLerner_2007-2 JaimeLerner_2007-0058939-0059155
JamaisCascio_2006-2 JamaisCascio_2006-0043169-0044003
JamesBalog_2009G-3 JamesBalog_2009G-0053753-0054504
JamesForbes_2009P-4 JamesForbes_2009P-0075189-0075926
JamesHowardKunstler_2004-1 JamesHowardKunstler_2004-0009126-0009646
JamesStavridis_2012G-1 JamesStavridis_2012G-0012499-0013747
JamesWatson_2005-2 JamesWatson_2005-0039422-0040107
JamieHeywood_2009P-3 JamieHeywood_2009P-0085175-0085337
JamilAbuWardeh_2010G-1 JamilAbuWardeh_2010G-0021806-0021943
JaneFonda_2011X-1 JaneFonda_2011X-0023772-0024619
JaneGoodall_2007G-1 JaneGoodall_2007G-0012124-0012891
JanePoynter_2009-3 JanePoynter_2009-0064140-0065047
JanineBenyus_2009G-5 JanineBenyus_2009G-0102482-0103706
JannaLevin_2011-2 JannaLevin_2011-0024348-0025209
JarrethMerz_2011G-1 JarrethMerz_2011G-0018409-0019248
JasonClay_2010G-2 JasonClay_2010G-0037118-0037912
JasonMcCue_2012G-3 JasonMcCue_2012G-0062942-0063876
JaySilver_2013S-2 JaySilver_2013S-0042529-0044106
JeffHan_2006-1 JeffHan_2006-0036718-0037287
JehaneNoujaim_2006-4 JehaneNoujaim_2006-0114777-0115721
JenniferGranholm_2013-2 JenniferGranholm_2013-0030861-0031433
Jenny8Lee_2008P-1 Jenny8Lee_2008P-0036904-0037619
JessaGamble_2010G-1 JessaGamble_2010G-0013490-0013933
JillBolteTaylor_2008-1 JillBolteTaylor_2008-0013051-0013388
JillTarter_2009-2 JillTarter_2009-0065541-0066041
JimmyWales_2005G-3 JimmyWales_2005G-0069059-0070074
JoeDeRisi_2006-4 JoeDeRisi_2006-0086299-0086422
JoelSelanikio_2013X-4 JoelSelanikio_2013X-0073396-0075015
JohanRockstrom_2010G-5 JohanRockstrom_2010G-0102789-0103617
JohannaBlakley_2010X-3 JohannaBlakley_2010X-0070496-0071652
JohnDoerr_2007-1 JohnDoerr_2007-0027614-0028092
JohnFrancis_2008-4 JohnFrancis_2008-0106171-0106366
JohnHardy_2010G-4 JohnHardy_2010G-0068827-0069628
JohnKasaona_2010-1 JohnKasaona_2010-0026247-0026441
JohnMaeda_2007-1 JohnMaeda_2007-0026526-0027014
JohnSearle_2013-1 JohnSearle_2013-0004356-0005546
JohnWalker_2007P-2 JohnWalker_2007P-0072683-0073667
JokChurch_2007-1 JokChurch_2007-0013316-0014169
JonathanDrori_2007U-1 JonathanDrori_2007U-0013876-0015402
JonathanEisen_2012P-4 JonathanEisen_2012P-0079151-0079523
JonathanHarris_2007-1 JonathanHarris_2007-0017240-0017759
JonathanKlein_2010U-1 JonathanKlein_2010U-0019748-0020673
JoseAntonioAbreu_2009-1 JoseAntonioAbreu_2009-0045333-0045353
JosephPine_2004-1 JosephPine_2004-0021282-0021404
JosetteSheeran_2011G-4 JosetteSheeran_2011G-0085097-0085299
JoshuaFoer_2012-5 JoshuaFoer_2012-0116796-0117033
JoshuaPrager_2013-4 JoshuaPrager_2013-0087793-0087965
JuanEnriquez_2007S-2 JuanEnriquez_2007S-0039094-0039979
JuanEnriquez_2009-3 JuanEnriquez_2009-0073616-0074012
JudyJohnston_2013U-1 JudyJohnston_2013U-0024475-0024832
JulianTreasure_2011G-1 JulianTreasure_2011G-0021468-0022012
JulieBurstein_2012-3 JulieBurstein_2012-0069372-0069782
JustinHallTipping_2011G-2 JustinHallTipping_2011G-0042049-0042250
KarenArmstrong_2009G-2 KarenArmstrong_2009G-0034555-0035529
KaryMullis_2002-2 KaryMullis_2002-0027888-0029170
KateOrff_2010W-2 KateOrff_2010W-0020766-0021624
KathrynSchulz_2011-1 KathrynSchulz_2011-0011755-0012724
KavitaRamdas_2009I-1 KavitaRamdas_2009I-0016463-0018285
KeithBarry_2004-2 KeithBarry_2004-0073878-0074709
KeithSchachtandZachKaplan_2005-2 KeithSchachtandZachKaplan_2005-0068752-0069513
KenKamler_2009P-3 KenKamler_2009P-0083113-0083655
KevinBales_2010-2 KevinBales_2010-0040169-0040639
KevinKelly_2005-5 KevinKelly_2005-0112031-0112984
KevinSlavin_2011G-1 KevinSlavin_2011G-0014450-0015086
KiranBedi_2010W-1 KiranBedi_2010W-0021910-0023221
KristinaGjerde_2010Z-1 KristinaGjerde_2010Z-0015319-0016203
LZGranderson_2012X-2 LZGranderson_2012X-0086147-0086844
LarryLessig_2007-1 LarryLessig_2007-0020703-0020916
LarrySmith_2011X-2 LarrySmith_2011X-0043094-0044661
LaurenZalaznick_2010W-3 LaurenZalaznick_2010W-0049143-0049326
LawrenceLessig_2010X-1 LawrenceLessig_2010X-0018004-0018390
LeeHotz_2010G-1 LeeHotz_2010G-0019063-0020228
LemonAndersen_2011Y-1 LemonAndersen_2011Y-0025384-0026450
LennartGreen_2005-3 LennartGreen_2005-0143185-0143881
LeslieMorganSteiner_2012X-4 LeslieMorganSteiner_2012X-0085056-0085398
LeymahGbowee_2012-1 LeymahGbowee_2012-0031194-0031414
LisaHarouni_2011S-2 LisaHarouni_2011S-0049402-0050958
LisaMargonelli_2010X-4 LisaMargonelli_2010X-0089584-0090172
LizDiller_2007P-4 LizDiller_2007P-0087072-0088096
LorettaNapoleoni_2009G-3 LorettaNapoleoni_2009G-0063179-0063902
LouiseLeakey_2008-2 LouiseLeakey_2008-0028035-0028177
MaajidNawaz_2011G-4 MaajidNawaz_2011G-0096117-0096483
MairaKalman_2007-3 MairaKalman_2007-0042761-0043931
MajoraCarter_2010X-3 MajoraCarter_2010X-0053909-0054989
MalcolmGladwell_2011G-2 MalcolmGladwell_2011G-0028989-0030082
MalteSpitz_2012G-1 MalteSpitz_2012G-0005301-0005794
MarcKoska_2009G-1 MarcKoska_2009G-0020707-0021485
MarcelDicke_2010G-4 MarcelDicke_2010G-0091678-0092120
MargaretWertheim_2009-2 MargaretWertheim_2009-0021305-0022349
MarianBantjes_2010-4 MarianBantjes_2010-0087684-0087947
MarkBittman_2007P-6 MarkBittman_2007P-0116945-0118280
MarkRoth_2010-4 MarkRoth_2010-0075945-0076962
MartinHanczyc_2011S-1 MartinHanczyc_2011S-0007103-0008320
MartinRees_2005G-1 MartinRees_2005G-0012531-0013619
MartinVilleneuve_2013-2 MartinVilleneuve_2013-0036496-0037729
MattRidley_2010G-1 MattRidley_2010G-0004306-0004448
MatthieuRicard_2004-2 MatthieuRicard_2004-0060865-0061566
MayElKhalil_2013G-2 MayElKhalil_2013G-0040921-0041654
MechaiViravaidya_2010X-4 MechaiViravaidya_2010X-0079260-0080017
MelindaGates_2010X-4 MelindaGates_2010X-0082949-0083982
MichaelArcher_2013X-2 MichaelArcher_2013X-0029045-0030019
MichaelGreen_2013-3 MichaelGreen_2013-0059412-0060850
MichaelMoschen_2002-2 MichaelMoschen_2002-0089075-0089291
MichaelPollan_2007-1 MichaelPollan_2007-0012025-0012155
MichaelSandel_2010-2 MichaelSandel_2010-0036875-0037051
MickEbeling_2011A-1 MickEbeling_2011A-0018116-0018432
MihalyCsikszentmihalyi_2004-5 MihalyCsikszentmihalyi_2004-0096138-0096741
MikeRowe_2008P-5 MikeRowe_2008P-0108041-0108835
MishaGlenny_2009G-1 MishaGlenny_2009G-0026900-0027392
MitchResnick_2012X-3 MitchResnick_2012X-0065053-0066533
MorganSpurlock_2011-1 MorganSpurlock_2011-0033156-0033527
MunirVirani_2012S-2 MunirVirani_2012S-0036639-0037432
MustafaAkyol_2011X-4 MustafaAkyol_2011X-0064066-0065449
NaliniNadkarni_2009-2 NaliniNadkarni_2009-0046323-0047448
NaomiKlein_2010W-1 NaomiKlein_2010W-0004383-0005127
NateSilver_2009A-1 NateSilver_2009A-0005563-0007241
NathanMyhrvold_2010-2 NathanMyhrvold_2010-0032512-0033749
NathanielKahn_2002-1 NathanielKahn_2002-0006327-0007269
NeilMacGregor_2011G-1 NeilMacGregor_2011G-0004573-0006145
NeilPasricha_2010X-4 NeilPasricha_2010X-0101553-0102334
NellieMcKayTHEDOGSONG_2008-1 NellieMcKayTHEDOGSONG_2008-0015177-0015202
NgoziOkonjoIweala_2007-5 NgoziOkonjoIweala_2007-0100646-0101468
NicholasChristakis_2010-3 NicholasChristakis_2010-0052113-0053099
NicholasNegroponte_1984-3 NicholasNegroponte_1984-0058626-0059311
NicholasNegroponte_2007P-1 NicholasNegroponte_2007P-0010033-0010771
NickSears_2007-1 NickSears_2007-0013816-0014184
NielsDiffrient_2002a-3 NielsDiffrient_2002a-0065516-0066438
NinaTandon_2011U-1 NinaTandon_2011U-0008244-0008526
NoahWilsonRich_2012X-2 NoahWilsonRich_2012X-0031202-0032370
NuclearDebate_2010-1 NuclearDebate_2010-0011069-0011712
OliverSacks_2009-2 OliverSacks_2009-0025173-0025932
OryOkolloh_2007G-2 OryOkolloh_2007G-0044611-0045542
PaddyAshdown_2011X-2 PaddyAshdown_2011X-0050132-0050952
PameliaKurstin_2002-1 PameliaKurstin_2002-0064713-0065376
PaolaAntonelli_2007-5 PaolaAntonelli_2007-0107248-0108272
ParagKhanna_2009G-3 ParagKhanna_2009G-0050795-0051907
PatrickChappatte_2010G-2 PatrickChappatte_2010G-0067242-0067530
PaulBloom_2011G-3 PaulBloom_2011G-0092865-0093340
PaulCollier_2009S-4 PaulCollier_2009S-0071669-0071772
PaulGilding_2012-1 PaulGilding_2012-0008446-0009150
PaulMacCready_1998-3 PaulMacCready_1998-0057677-0058512
PaulMoller_2004-1 PaulMoller_2004-0016512-0017376
PaulRomer_2009G-1 PaulRomer_2009G-0014082-0014803
PaulSnelgrove_2011G-4 PaulSnelgrove_2011G-0074105-0075351
PaulWolpe_2010X-4 PaulWolpe_2010X-0083161-0084366
PaulaScher_2008P-5 PaulaScher_2008P-0105836-0106340
PearlArredondo_2013S-1 PearlArredondo_2013S-0027088-0027445
PeterAttia_2013P-5 PeterAttia_2013P-0086799-0088340
PeterDiamandis_2012-4 PeterDiamandis_2012-0087861-0089404
PeterFankhauser_2011G-1 PeterFankhauser_2011G-0010615-0011113
PeterHirshberg_2007P-4 PeterHirshberg_2007P-0095760-0096431
PeterReinhart_2008P-2 PeterReinhart_2008P-0037948-0039006
PeterSinger_2013-4 PeterSinger_2013-0091571-0092593
PeterWard_2008-3 PeterWard_2008-0062665-0063416
PhilBorges_2006-4 PhilBorges_2006-0075766-0076853
PhilZimbardo_2008-2 PhilZimbardo_2008-0054835-0055684
PhilipHoward_2010-5 PhilipHoward_2010-0098793-0099779
PicoIyer_2013G-1 PicoIyer_2013G-0015313-0016244
RAMashelkar_2009I-1 RAMashelkar_2009I-0032424-0032783
RachelBotsman_2010X-4 RachelBotsman_2010X-0096941-0097877
RaghavaKK_2012S-3 RaghavaKK_2012S-0061620-0063429
RamseyMusallam_2013S-1 RamseyMusallam_2013S-0009200-0010525
RayAnderson_2009-2 RayAnderson_2009-0042830-0044067
RebeccaOnie_2012P-4 RebeccaOnie_2012P-0081420-0081768
ReggieWatts_2012-1 ReggieWatts_2012-0035014-0035847
ReubenMargolin_2012-1 ReubenMargolin_2012-0004396-0005435
RichardBranson_2007-2 RichardBranson_2007-0058109-0058322
RichardDawkins_2002-4 RichardDawkins_2002-0082464-0083571
RichardDawkins_2005G-6 RichardDawkins_2005G-0113132-0113867
RichardPyle_2004-3 RichardPyle_2004-0093497-0094323
RickSmolan_2007P-3 RickSmolan_2007P-0072933-0073091
RickWarren_2006-5 RickWarren_2006-0111054-0111597
Rives_2012S-3 Rives_2012S-0055827-0056234
RobForbes_2006-3 RobForbes_2006-0052104-0052875
RobLegato_2012G-3 RobLegato_2012G-0079157-0079568
RobertFischell_2005-4 RobertFischell_2005-0081698-0082547
RobertFull_2005-1 RobertFull_2005-0034115-0034300
RobertLang_2008-4 RobertLang_2008-0093280-0093678
RobertNeuwirth_2012G-4 RobertNeuwirth_2012G-0071013-0071715
RobertWright_2006-5 RobertWright_2006-0100320-0100990
RobinChase_2012G-1 RobinChase_2012G-0009870-0010199
RodneyBrooks_2013-2 RodneyBrooks_2013-0044282-0045556
RogierVanDerHeide_2010X-2 RogierVanDerHeide_2010X-0039181-0039945
RonEglash_2007G-4 RonEglash_2007G-0088417-0089071
RoryStewart_2011G-2 RoryStewart_2011G-0043708-0045017
RorySutherland_2009G-2 RorySutherland_2009G-0057913-0058649
RoseGeorge_2013-2 RoseGeorge_2013-0041563-0042274
RozSavage_2010Z-1 RozSavage_2010Z-0006278-0007142
RufusGriscomandAlisaVolkman_2010W-4 RufusGriscomandAlisaVolkman_2010W-0090504-0090639
SakiMafundikwa_2013-2 SakiMafundikwa_2013-0036089-0036561
SamHarris_2010-4 SamHarris_2010-0091378-0091632
SarahJones_2009-3 SarahJones_2009-0071202-0072028
Saraswati_2009P-2 Saraswati_2009P-0062322-0063029
SaulGriffith_2009-1 SaulGriffith_2009-0009667-0010564
ScottFraser_2012X-3 ScottFraser_2012X-0107093-0107583
SeanCarroll_2010X-4 SeanCarroll_2010X-0069365-0070618
SebastianSeung_2010G-4 SebastianSeung_2010G-0090418-0091182
SergeyBrin_2004-1 SergeyBrin_2004-0005413-0005529
SethGodin_2009-3 SethGodin_2009-0058153-0059550
SeyiOyesola_2007G-1 SeyiOyesola_2007G-0012157-0013157
ShaiAgassi_2009-1 ShaiAgassi_2009-0004860-0005700
SharmeenObaidChinoy_2010U-1 SharmeenObaidChinoy_2010U-0023907-0024628
SheaHembrey_2011-2 SheaHembrey_2011-0054901-0055482
SheenaIyengar_2011S-1 SheenaIyengar_2011S-0018881-0019052
SheilaPatek_2004-4 SheilaPatek_2004-0096955-0097939
SherwinNuland_2001-3 SherwinNuland_2001-0061788-0062669
SherylSandberg_2010W-2 SherylSandberg_2010W-0042439-0042672
ShigeruBan_2013X-1 ShigeruBan_2013X-0026827-0028033
ShimonSchocken_2012G-3 ShimonSchocken_2012G-0076695-0077323
ShlomoBenartzi_2011S-3 ShlomoBenartzi_2011S-0076496-0077332
SimonBerrow_2010X-1 SimonBerrow_2010X-0018970-0020185
SimonSinek_2009X-2 SimonSinek_2009X-0056649-0057540
SkylarTibbits_2011U-2 SkylarTibbits_2011U-0030983-0031522
SpencerWells_2007G-3 SpencerWells_2007G-0059691-0060421
StanleyMcChrystal_2011-1 StanleyMcChrystal_2011-0016947-0017206
StefanSagmeister_2010S-1 StefanSagmeister_2010S-0023725-0025339
StefanaBroadbent_2009G-2 StefanaBroadbent_2009G-0024883-0025660
StephenHawking_2008-1 StephenHawking_2008-0020032-0020348
StephenWolfram_2010-2 StephenWolfram_2010-0046235-0046984
SteveRamirez_2013X-2 SteveRamirez_2013X-0047341-0047892
StevenJohnson_2003-2 StevenJohnson_2003-0044795-0045983
StevenLevitt_2004-1 StevenLevitt_2004-0025795-0026433
StevenPetranek_2002-1 StevenPetranek_2002-0029976-0030932
StevenPinker_2003-6 StevenPinker_2003-0130293-0131491
StevenSchwaitzberg_2012X-1 StevenSchwaitzberg_2012X-0010269-0010860
StewartBrand_2004-2 StewartBrand_2004-0056592-0057377
StewartBrand_2013-1 StewartBrand_2013-0019939-0020160
StuartBrown_2008P-5 StuartBrown_2008P-0112230-0112996
SugataMitra_2007P-3 SugataMitra_2007P-0069909-0070963
SugataMitra_2013-1 SugataMitra_2013-0034107-0034475
SunithaKrishnan_2009I-2 SunithaKrishnan_2009I-0063496-0064417
SusanCain_2012-3 SusanCain_2012-0063083-0064222
SuzanneLee_2011U-1 SuzanneLee_2011U-0006466-0007256
TBoonePickens_2012-3 TBoonePickens_2012-0065539-0066833
TanLe_2011X-1 TanLe_2011X-0006648-0008126
TarynSimon_2011S-1 TarynSimon_2011S-0013974-0014997
TempleGrandin_2010-1 TempleGrandin_2010-0021035-0021898
ThandieNewton_2011G-3 ThandieNewton_2011G-0056341-0056533
TheoJansen_2007-1 TheoJansen_2007-0010017-0010217
ThomasCampbell_2012-3 ThomasCampbell_2012-0050155-0051849
ThomasHeatherwick_2011-1 ThomasHeatherwick_2011-0020650-0021571
ThulasirajRavilla_2009I-1 ThulasirajRavilla_2009I-0030505-0030725
TimBernersLee_2009-3 TimBernersLee_2009-0059086-0060098
TimBrown_2009G-1 TimBrown_2009G-0024754-0025683
TimHarford_2011G-3 TimHarford_2011G-0069293-0070855
TimothyBartik_2012X-1 TimothyBartik_2012X-0016598-0018252
ToddKuiken_2011G-4 ToddKuiken_2011G-0088926-0090128
TomRielly_2006-1 TomRielly_2006-0008383-0009185
TomShannon_2009S-2 TomShannon_2009S-0038410-0038937
TonyPorter_2010W-1 TonyPorter_2010W-0008961-0009858
TorstenReil_2003-3 TorstenReil_2003-0065295-0066068
TylerDeWitt_2012X-1 TylerDeWitt_2012X-0017180-0018027
UrsusWehrli_2006-2 UrsusWehrli_2006-0029326-0030564
VikramPatel_2012G-2 VikramPatel_2012G-0027329-0028580
VinayVenkatraman_2012S-1 VinayVenkatraman_2012S-0015293-0015541
WadahKhanfar_2011-1 WadahKhanfar_2011-0041792-0042241
WaelGhonim_2011X-2 WaelGhonim_2011X-0043862-0044640
WilliamKamkwamba_2007G-1 WilliamKamkwamba_2007G-0020577-0020880
WilliamMcDonough_2005-2 WilliamMcDonough_2005-0049986-0050889
WilliamUry_2010X-4 WilliamUry_2010X-0085380-0085754
YangLan_2011G-1 YangLan_2011G-0022904-0024181
YashengHuang_2011G-3 YashengHuang_2011G-0071671-0073543
YossiVardi_2007-1 YossiVardi_2007-0006573-0007073
ZachKaplan_2005-1 ZachKaplan_2005-0039255-0039920
ZainabSalbi_2010G-5 ZainabSalbi_2010G-0102858-0103001
ZeFrank_2010G-3 ZeFrank_2010G-0068156-0069057
iOTillettWright_2012X-4 iOTillettWright_2012X-0106633-0107270
